,en,ru,pt-br,es-es,de,fr-fr,it,pl,zh-cn,jp,ko,,NOTES – use \n for newline,max length
mcm_tab_spells,SPELLS,ЗАКЛИНАНИЯ,FEITIÇOS,HECHIZOS,ZAUBER,SORTS,INCANTESIMI,CZARY,法术,呪文,주문,,,
mcm_tab_items,ITEMS,ПРЕДМЕТЫ,ITENS,OBJETOS,GEGENST.,OBJETS,OGGETTI,PRZEDMIOTY,物品,アイテム,아이템,,,
mcm_tab_perks,PERKS,ПЕРКИ,VANTAGENS,VENTAJAS,PERKS,ATOUTS,VANTAGGI,PERKI,天赋,パーク,퍽,,,
mcm_slot,SLOT,СЛОТ,ESPAÇO,RANURA,SLOT,EMPL.,SLOT,SLOT,槽位,スロット,슬롯,,,
mcm_delete,DELETE,УДАЛИТЬ,EXCLUIR,BORRAR,LÖSCHEN,SUPPR.,ELIMINA,USUŃ,删除,削除,삭제,,,
mcm_drop,DROP,ВЫБРОСИТЬ,SOLTAR,SOLTAR,FALLENL.,JETER,LASCIA,WYRZUĆ,丢出,捨てる,버리기,,,
mcm_empty,Empty,Пусто,Vazio,Vacío,Leer,Vide,Vuoto,Pusto,空,空,비어 있음,,,
mcm_left_spawn,LMB: spawn nearby,ЛКМ: создать рядом,LMB: criar perto,LMB: generar cerca,LMB: in der Nähe erzeugen,Clic G: faire apparaître à côté,LMB: genera vicino,LPM: utwórz obok,左键：在附近生成,左クリック：近くに生成,좌클릭: 근처에 생성,,,
mcm_spell_filter_all,ALL,ВСЕ,TODOS,TODOS,ALLE,TOUS,TUTTI,WSZYSTKIE,全部,すべて,전체,,,
mcm_spell_filter_projectiles,PROJECT.,СНАРЯДЫ,PROJÉTEIS,PROYECT.,PROJEKT.,PROJECT.,PROIETT.,POCISKI,投射物,発射物,발사체,,,
mcm_spell_filter_static,STATIC,СТАТИЧ.,ESTÁTICOS,ESTÁTICOS,STATISCH,STATIQ.,STATICI,STATYCZ.,静态,静的,고정,,,
mcm_spell_filter_modifiers,MODIFIERS,МОДИФ.,MODIFIC.,MODIFIC.,MODIF.,MODIF.,MODIF.,MODYF.,修饰,補正,수정,,,
mcm_spell_filter_multicasts,MULTI,МУЛЬТИ,MULTI,MULTI,MULTI,MULTI,MULTI,MULTI,多重,マルチ,멀티,,,
mcm_spell_filter_materials,MATERIAL,МАТЕР.,MATERIAL,MATERIAL,MATERIAL,MATÉRIAU,MATERIA,MATERIAŁ,材料,物質,물질,,,
mcm_spell_filter_other,OTHER,ДРУГИЕ,OUTROS,OTROS,ANDERE,AUTRES,ALTRO,INNE,其他,その他,기타,,,
mcm_spell_filter_utility,UTILITY,УТИЛ.,UTILID.,UTILIDAD,HILFE,UTILITÉ,UTILITÀ,UŻYTK.,实用,補助,유틸,,,
mcm_spell_filter_passive,PASSIVE,ПАССИВ.,PASSIVO,PASIVO,PASSIV,PASSIF,PASSIVO,PASYWNE,被动,パッシブ,패시브,,,
mcm_item_filter_all,ALL,ВСЕ,TODOS,TODOS,ALLE,TOUS,TUTTI,WSZYSTKIE,全部,すべて,전체,,,
mcm_item_filter_containers,BOTTLES,БУТЫЛКИ,FRASCOS,FRASCOS,FLASCHEN,FLACONS,BOTTIGLIE,BUTELKI,容器,ボトル,병,,,
mcm_item_filter_liquids,LIQUIDS,ЖИДКОСТИ,LÍQUIDOS,LÍQUIDOS,FLÜSSIGK.,LIQUIDES,LIQUIDI,CIECZE,液体,液体,액체,,,
mcm_item_filter_stones,STONES,КАМНИ,PEDRAS,PIEDRAS,STEINE,PIERRES,PIETRE,KAMIENIE,石头,石,돌,,,
mcm_item_filter_eggs,EGGS,ЯЙЦА,OVOS,HUEVOS,EIER,ŒUFS,UOVA,JAJA,蛋,卵,알,,,
mcm_item_filter_wands,WANDS,ПОСОХИ,VARINHAS,VARITAS,STÄBE,BAGUETTES,BACCHETTE,RÓŻDŻKI,法杖,杖,완드,,,
mcm_item_filter_books,BOOKS,КНИГИ,LIVROS,LIBROS,BÜCHER,LIVRES,LIBRI,KSIĄŻKI,书籍,本,책,,,
mcm_item_filter_bonuses,BONUSES,БОНУСЫ,BÔNUS,BONOS,BONI,BONUS,BONUS,BONUSY,奖励,ボーナス,보너스,,,
mcm_item_filter_orbs,ORBS,ОРБЫ,ORBS,ORBES,ORBS,ORBES,SFERE,ORBY,宝珠,オーブ,오브,,,
mcm_item_filter_quest,QUEST,КВЕСТ,MISSÃO,MISIÓN,QUEST,QUÊTE,MISSIONE,QUEST,任务,クエスト,퀘스트,,,
mcm_item_filter_other,OTHER,ПРОЧЕЕ,OUTROS,OTROS,ANDERE,AUTRES,ALTRO,INNE,其他,その他,기타,,,
mcm_flask,Flask,Фляга,Frasco,Frasco,Flasche,Flacon,Fiaschetta,Butelka,烧瓶,フラスコ,플라스크,,,
mcm_jar,Jar,Банка,Jarro,Tarro,Glas,Bocal,Vaso,Słoik,罐子,瓶,병,,,
mcm_empty_flask,Empty flask,Пустая фляга,Frasco vazio,Frasco vacío,Leere Flasche,Flacon vide,Fiaschetta vuota,Pusta butelka,空烧瓶,空のフラスコ,빈 플라스크,,,
mcm_flask_water,Flask: water,Фляга: вода,Frasco: água,Frasco: agua,Flasche: Wasser,Flacon : eau,Fiaschetta: acqua,Butelka: woda,烧瓶：水,フラスコ：水,플라스크: 물,,,
mcm_flask_milk,Flask: milk,Фляга: молоко,Frasco: leite,Frasco: leche,Flasche: Milch,Flacon : lait,Fiaschetta: latte,Butelka: mleko,烧瓶：牛奶,フラスコ：ミルク,플라스크: 우유,,,
mcm_flask_alcohol,Flask: alcohol,Фляга: алкоголь,Frasco: álcool,Frasco: alcohol,Flasche: Alkohol,Flacon : alcool,Fiaschetta: alcol,Butelka: alkohol,烧瓶：酒精,フラスコ：アルコール,플라스크: 알코올,,,
mcm_flask_beer,Flask: beer,Фляга: пиво,Frasco: cerveja,Frasco: cerveza,Flasche: Bier,Flacon : bière,Fiaschetta: birra,Butelka: piwo,烧瓶：啤酒,フラスコ：ビール,플라스크: 맥주,,,
mcm_flask_slime,Flask: slime,Фляга: слизь,Frasco: lodo,Frasco: limo,Flasche: Schleim,Flacon : vase,Fiaschetta: melma,Butelka: szlam,烧瓶：黏液,フラスコ：スライム,플라스크: 슬라임,,,
mcm_flask_vomit,Flask: vomit,Фляга: рвота,Frasco: vômito,Frasco: vómito,Flasche: Erbrochenes,Flacon : vomi,Fiaschetta: vomito,Butelka: wymiociny,烧瓶：呕吐物,フラスコ：嘔吐物,플라스크: 구토물,,,
mcm_flask_porridge,Flask: porridge,Фляга: каша,Frasco: mingau,Frasco: gachas,Flasche: Brei,Flacon : bouillie,Fiaschetta: porridge,Butelka: owsianka,烧瓶：粥,フラスコ：おかゆ,플라스크: 죽,,,
mcm_flask_random_material,Flask: random material,Фляга: случайный материал,Frasco: material aleatório,Frasco: material aleatorio,Flasche: Zufallsmaterial,Flacon : matériau aléatoire,Fiaschetta: materiale casuale,Butelka: losowy materiał,烧瓶：随机材料,フラスコ：ランダム物質,플라스크: 무작위 물질,,,
mcm_flask_starting_random,Flask: starting random,Фляга: стартовая случайная,Frasco: inicial aleatório,Frasco: inicial aleatorio,Flasche: zufälliger Startinhalt,Flacon : contenu initial aléatoire,Fiaschetta: iniziale casuale,Butelka: losowa startowa,烧瓶：随机初始内容,フラスコ：ランダム初期,플라스크: 무작위 시작,,,
mcm_flask_secret,Secret flask,Фляга: секретная,Frasco secreto,Frasco secreto,Geheime Flasche,Flacon secret,Fiaschetta segreta,Tajna butelka,秘密烧瓶,秘密のフラスコ,비밀 플라스크,,,
mcm_flask_alchemist,Alchemist flask,Алхимическая фляга,Frasco alquímico,Frasco alquímico,Alchemistenflasche,Flacon d’alchimiste,Fiaschetta alchemica,Butelka alchemika,炼金烧瓶,錬金術師のフラスコ,연금술사 플라스크,,,
mcm_flask_random_liquid,Flask: random liquid,Фляга: случайная жидкость,Frasco: líquido aleatório,Frasco: líquido aleatorio,Flasche: Zufallsflüssigkeit,Flacon : liquide aléatoire,Fiaschetta: liquido casuale,Butelka: losowa ciecz,烧瓶：随机液体,フラスコ：ランダム液体,플라스크: 무작위 액체,,,
mcm_flask_mimic,Flask mimic,Мимик-фляга,Mímico de frasco,Mímico de frasco,Flaschenmimik,Mimique de flacon,Mimic fiaschetta,Mimik butelki,烧瓶拟态怪,フラスコミミック,플라스크 미믹,,,
mcm_jar_urine,Jar: urine,Банка: моча,Jarro: urina,Tarro: orina,Glas: Urin,Bocal : urine,Vaso: urina,Słoik: mocz,罐子：尿液,瓶：尿,병: 소변,,,
mcm_powder_pouch,Powder pouch,Мешочек с порошком,Bolsa de pó,Bolsa de polvo,Pulverbeutel,Poche de poudre,Sacchetto di polvere,Sakiewka z proszkiem,粉末袋,粉の袋,가루 주머니,,,
mcm_player_missing,Player has not spawned yet,Игрок ещё не появился,O jogador ainda não apareceu,El jugador aún no ha aparecido,Spieler ist noch nicht erschienen,Le joueur n’est pas encore apparu,Il giocatore non è ancora apparso,Gracz jeszcze się nie pojawił,玩家尚未生成,プレイヤーがまだ出現していません,플레이어가 아직 생성되지 않았습니다,,,
mcm_items_failed,Item catalog failed to load,Каталог предметов не загрузился,Falha ao carregar o catálogo de itens,No se pudo cargar el catálogo de objetos,Gegenstandskatalog konnte nicht geladen werden,Échec du chargement du catalogue d’objets,Impossibile caricare il catalogo oggetti,Nie udało się wczytać katalogu przedmiotów,物品目录加载失败,アイテム一覧を読み込めませんでした,아이템 목록을 불러오지 못했습니다,,,
mcm_perks_failed,Perk list failed to load,Список перков не загрузился,Falha ao carregar a lista de vantagens,No se pudo cargar la lista de ventajas,Perk-Liste konnte nicht geladen werden,Échec du chargement des atouts,Impossibile caricare l'elenco vantaggi,Nie udało się wczytać listy perków,天赋列表加载失败,パーク一覧を読み込めませんでした,퍽 목록을 불러오지 못했습니다,,,
mcm_spells_failed,Spell list failed to load,Список заклинаний не загрузился,Falha ao carregar a lista de feitiços,No se pudo cargar la lista de hechizos,Zauberliste konnte nicht geladen werden,Échec du chargement des sorts,Impossibile caricare l'elenco incantesimi,Nie udało się wczytać listy czarów,法术列表加载失败,呪文一覧を読み込めませんでした,주문 목록을 불러오지 못했습니다,,,
mcm_hold_wand,Hold a wand,Возьмите посох в руку,Segure uma varinha,Sujeta una varita,Einen Zauberstab halten,Tenez une baguette,Impugna una bacchetta,Trzymaj różdżkę,手持一根法杖,杖を持ってください,완드를 들어 주세요,,,
mcm_item_create_failed,Could not create item,Не удалось создать предмет,Não foi possível criar o item,No se pudo crear el objeto,Gegenstand konnte nicht erzeugt werden,Impossible de créer l’objet,Impossibile creare l'oggetto,Nie udało się utworzyć przedmiotu,无法创建物品,アイテムを生成できませんでした,아이템을 생성하지 못했습니다,,,
mcm_created_nearby,Spawned nearby,Создано у ног,Criado por perto,Generado cerca,In der Nähe erzeugt,Créé à proximité,Generato vicino,Utworzono obok,已在附近生成,近くに生成しました,근처에 생성했습니다,,,
mcm_received,Received,Получено,Recebido,Recibido,Erhalten,Obtenu,Ottenuto,Otrzymano,已获得,取得しました,획득함,,,
mcm_tab_creatures,MOBS,МОБЫ,MOBS,MOBS,MOBS,MOBS,MOB,MOBY,生物,モブ,몹,,,
mcm_creature_filter_all,ALL,ВСЕ,TODOS,TODOS,ALLE,TOUS,TUTTI,WSZYSTKIE,全部,すべて,전체,,,
mcm_creature_filter_bosses,BOSSES,БОССЫ,CHEFES,JEFES,BOSSE,BOSS,BOSS,BOSSOWIE,首领,ボス,보스,,,
mcm_creature_filter_humanoids,HUMANOIDS,ГУМАНОИДЫ,HUMANOIDES,HUMANOIDES,HUMANOIDE,HUMANOÏDES,UMANOIDI,HUMANOIDY,类人,人型,인간형,,,
mcm_creature_filter_animals,ANIMALS,ЖИВОТНЫЕ,ANIMAIS,ANIMALES,TIERE,ANIMAUX,ANIMALI,ZWIERZĘTA,动物,動物,동물,,,
mcm_creature_filter_machines,MACHINES,МАШИНЫ,MÁQUINAS,MÁQUINAS,MASCHINEN,MACHINES,MACCHINE,MASZYNY,机械,機械,기계,,,
mcm_creature_filter_other,OTHER,ПРОЧИЕ,OUTROS,OTROS,ANDERE,AUTRES,ALTRO,INNE,其他,その他,기타,,,
mcm_right_transform,RMB: transform,ПКМ: превратиться,RMB: transformar,RMB: transformar,RMB: verwandeln,Clic D: se transformer,RMB: trasformati,PPM: przemiana,右键：变身,右クリック：変身,우클릭: 변신,,,
mcm_creature_poly_failed,Could not transform,Не удалось превратиться,Não foi possível transformar,No se pudo transformar,Verwandlung fehlgeschlagen,Transformation impossible,Impossibile trasformarsi,Nie udało się przemienić,无法变身,変身できませんでした,변신하지 못했습니다,,,
mcm_creature_transformed,Transforming into,Превращение в,Transformando em,Transformando en,Verwandlung in,Transformation en,Trasformazione in,Przemiana w,正在变成,変身先,변신 대상,,,
mcm_creatures_failed,Creature list failed to load,Список существ не загрузился,Falha ao carregar a lista de criaturas,No se pudo cargar la lista de criaturas,Kreaturenliste konnte nicht geladen werden,Échec du chargement des créatures,Impossibile caricare l'elenco creature,Nie udało się wczytać listy stworów,生物列表加载失败,クリーチャー一覧を読み込めませんでした,생물 목록을 불러오지 못했습니다,,,
mcm_creature_returning_human,Returning to human form,Возвращение в форму человека,Voltando à forma humana,Volviendo a la forma humana,Rückkehr zur Menschenform,Retour à la forme humaine,Ritorno alla forma umana,Powrót do ludzkiej postaci,正在恢复人类形态,人間形態に戻ります,인간 형태로 돌아가는 중,,,
mcm_creature_controls,LMB: SPAWN   RMB: TRANSFORM   TAB: HUMAN,ЛКМ: СОЗДАТЬ   ПКМ: ПРЕВРАТИТЬСЯ   TAB: ЧЕЛОВЕК,LMB: CRIAR   RMB: TRANSFORMAR   TAB: HUMANO,LMB: GENERAR   RMB: TRANSFORMAR   TAB: HUMANO,LMB: ERZEUGEN   RMB: VERWANDELN   TAB: MENSCH,Clic G: CRÉER   Clic D: TRANSFORMER   TAB: HUMAIN,LMB: GENERA   RMB: TRASFORMA   TAB: UMANO,LPM: UTWÓRZ   PPM: PRZEMIANA   TAB: CZŁOWIEK,左键：生成   右键：变身   TAB：人类,左クリック：生成   右クリック：変身   TAB: 人間,좌클릭: 생성   우클릭: 변신   TAB: 인간,,,
mcm_inventory_full_spawned,Inventory full — spawned nearby,Инвентарь полон — создано рядом,Inventário cheio — criado por perto,Inventario lleno — generado cerca,Inventar voll — in der Nähe erzeugt,Inventaire plein — créé à proximité,Inventario pieno — generato vicino,Ekwipunek pełny — utworzono obok,物品栏已满 — 已在附近生成,インベントリが満杯 — 近くに生成しました,인벤토리가 가득 참 — 근처에 생성됨,,,
mcm_tab_effects,EFFECTS,ЭФФЕКТЫ,EFFECTS,EFFECTS,EFFECTS,EFFECTS,EFFECTS,EFFECTS,EFFECTS,EFFECTS,EFFECTS,,,
mcm_tab_weather,WEATHER,ПОГОДА,WEATHER,WEATHER,WEATHER,WEATHER,WEATHER,WEATHER,WEATHER,WEATHER,WEATHER,,,
mcm_effect_remove_all,REMOVE ALL,УБРАТЬ ВСЕ,REMOVE ALL,REMOVE ALL,REMOVE ALL,REMOVE ALL,REMOVE ALL,REMOVE ALL,REMOVE ALL,REMOVE ALL,REMOVE ALL,,,
mcm_effects_failed,Effect list failed to load,Не удалось загрузить список эффектов,Effect list failed to load,Effect list failed to load,Effect list failed to load,Effect list failed to load,Effect list failed to load,Effect list failed to load,Effect list failed to load,Effect list failed to load,Effect list failed to load,,,
mcm_weather_clear,CLEAR,ЯСНО,CLEAR,CLEAR,CLEAR,CLEAR,CLEAR,CLEAR,CLEAR,CLEAR,CLEAR,,,
mcm_weather_night,NIGHT,НОЧЬ,NIGHT,NIGHT,NIGHT,NIGHT,NIGHT,NIGHT,NIGHT,NIGHT,NIGHT,,,
mcm_weather_storm,STORM,ШТОРМ,STORM,STORM,STORM,STORM,STORM,STORM,STORM,STORM,STORM,,,
mcm_weather_time,Time of day,Время суток,Time of day,Time of day,Time of day,Time of day,Time of day,Time of day,Time of day,Time of day,Time of day,,,
mcm_weather_clouds,Cloud cover,Облачность,Cloud cover,Cloud cover,Cloud cover,Cloud cover,Cloud cover,Cloud cover,Cloud cover,Cloud cover,Cloud cover,,,
mcm_weather_fog,Fog,Туман,Fog,Fog,Fog,Fog,Fog,Fog,Fog,Fog,Fog,,,
mcm_weather_wind,Wind,Ветер,Wind,Wind,Wind,Wind,Wind,Wind,Wind,Wind,Wind,,,
mcm_weather_wind_speed,Wind speed,Скорость ветра,Wind speed,Wind speed,Wind speed,Wind speed,Wind speed,Wind speed,Wind speed,Wind speed,Wind speed,,,
mcm_weather_lightning,Lightning,Молнии,Lightning,Lightning,Lightning,Lightning,Lightning,Lightning,Lightning,Lightning,Lightning,,,
mcm_perk_mode_add,ADD,ДОБАВИТЬ,ADICIONAR,AÑADIR,HINZUFÜGEN,AJOUTER,AGGIUNGI,DODAJ,添加,追加,추가,,,
mcm_perk_mode_remove,REMOVE,УБРАТЬ,REMOVER,QUITAR,ENTFERNEN,RETIRER,RIMUOVI,USUŃ,移除,削除,제거,,,
mcm_perk_remove_controls,LMB: -1   RMB: REMOVE ALL,ЛКМ: -1   ПКМ: УБРАТЬ ВСЕ,LMB: -1   RMB: REMOVER TUDO,LMB: -1   RMB: QUITAR TODO,LMB: -1   RMB: ALLE ENTFERNEN,Clic G: -1   Clic D: TOUT RETIRER,LMB: -1   RMB: RIMUOVI TUTTI,LPM: -1   PPM: USUŃ WSZYSTKIE,左键：-1   右键：全部移除,左クリック: -1   右クリック: 全削除,좌클릭: -1   우클릭: 모두 제거,,,
mcm_perk_add_controls,LMB: SPAWN   RMB: TAKE,ЛКМ: СОЗДАТЬ   ПКМ: ВЗЯТЬ,LMB: CRIAR   RMB: PEGAR,LMB: GENERAR   RMB: TOMAR,LMB: ERZEUGEN   RMB: NEHMEN,Clic G: CRÉER   Clic D: PRENDRE,LMB: GENERA   RMB: PRENDI,LPM: UTWÓRZ   PPM: WEŹ,左键：生成   右键：获取,左クリック: 生成   右クリック: 取得,좌클릭: 생성   우클릭: 획득,,,
mcm_perk_count,Count,Количество,Quantidade,Cantidad,Anzahl,Nombre,Quantità,Liczba,数量,個数,개수,,,
mcm_perk_remove_unsafe,This perk has no safe inverse yet,Для этого перка пока нет безопасного обратного действия,Este benefício ainda não tem remoção segura,Este perk aún no tiene eliminación segura,Dieser Perk hat noch keine sichere Umkehrung,Ce perk n’a pas encore de retrait sûr,Questo perk non ha ancora una rimozione sicura,Ten perk nie ma jeszcze bezpiecznego cofnięcia,此天赋暂时无法安全撤销,このパークはまだ安全に解除できません,이 특전은 아직 안전하게 되돌릴 수 없습니다,,,
mcm_perk_remove_failed,Could not safely remove perk,Не удалось безопасно убрать перк,Não foi possível remover o benefício com segurança,No se pudo quitar el perk de forma segura,Perk konnte nicht sicher entfernt werden,Impossible de retirer le perk en toute sécurité,Impossibile rimuovere il perk in sicurezza,Nie udało się bezpiecznie usunąć perka,无法安全移除天赋,パークを安全に削除できませんでした,특전을 안전하게 제거하지 못했습니다,,,
mcm_effect_filter_all,ALL,ВСЕ,TODOS,TODOS,ALLE,TOUS,TUTTI,WSZYSTKIE,全部,すべて,전체,,,
mcm_effect_filter_status,STATUS,СОСТОЯНИЯ,STATUS,ESTADOS,STATUS,ÉTATS,STATI,STATUSY,状态,状態,상태,,,
mcm_effect_filter_timed,EFFECTS,ЭФФЕКТЫ,EFEITOS,EFECTOS,EFFEKTE,EFFETS,EFFETTI,EFEKTY,效果,効果,효과,,,
mcm_effect_duration,DURATION,ДЛИТЕЛЬНОСТЬ,DURAÇÃO,DURACIÓN,DAUER,DURÉE,DURATA,CZAS,持续时间,時間,지속시간,,,
mcm_effect_duration_10s,10s,10с,10s,10s,10s,10s,10s,10s,10秒,10秒,10초,,,
mcm_effect_duration_30s,30s,30с,30s,30s,30s,30s,30s,30s,30秒,30秒,30초,,,
mcm_effect_duration_60s,60s,60с,60s,60s,60s,60s,60s,60s,60秒,60秒,60초,,,
mcm_effect_duration_5m,5m,5м,5m,5m,5m,5m,5m,5m,5分,5分,5분,,,
mcm_effect_duration_inf,∞,∞,∞,∞,∞,∞,∞,∞,∞,∞,∞,,,
mcm_effect_status_native_decay,Applied at 100%; Noita controls natural decay,Применяется на 100%; дальше эффект естественно ослабевает в Noita,Aplicado a 100%; Noita controla a redução natural,Se aplica al 100%; Noita controla la reducción natural,Auf 100 % gesetzt; Noita steuert den natürlichen Abbau,Appliqué à 100 % ; Noita gère la diminution naturelle,Applicato al 100%; Noita gestisce il decadimento naturale,Ustawiane na 100%; Noita steruje naturalnym zanikiem,设为100%；之后由Noita自然衰减,100%で付与し、その後はNoitaが自然減衰を管理,100%로 적용되며 이후 자연 감소는 Noita가 처리,,,
mcm_effect_selected_duration,Selected duration,Выбранное время,Duração escolhida,Duración elegida,Gewählte Dauer,Durée choisie,Durata scelta,Wybrany czas,所选持续时间,選択時間,선택한 지속시간,,,
mcm_weather_time_presets,TIME OF DAY,ВРЕМЯ СУТОК,HORA DO DIA,HORA DEL DÍA,TAGESZEIT,HEURE,ORA DEL GIORNO,PORA DNIA,时间,時間帯,시간대,,,
mcm_weather_morning,MORNING,УТРО,MANHÃ,MAÑANA,MORGEN,MATIN,MATTINA,RANO,早晨,朝,아침,,,
mcm_weather_day,DAY,ДЕНЬ,DIA,DÍA,TAG,JOUR,GIORNO,DZIEŃ,白天,昼,낮,,,
mcm_weather_evening,EVENING,ВЕЧЕР,NOITE,TARDE,ABEND,SOIR,SERA,WIECZÓR,傍晚,夕方,저녁,,,
mcm_weather_presets,WEATHER,ПОГОДА,CLIMA,CLIMA,WETTER,MÉTÉO,METEO,POGODA,天气,天気,날씨,,,
mcm_weather_cloudy,CLOUDY,ОБЛАЧНО,NUBLADO,NUBLADO,BEWÖLKT,NUAGEUX,NUVOLOSO,POCHMURNO,多云,曇り,흐림,,,
mcm_weather_foggy,FOGGY,ТУМАН,NEBLINA,NIEBLA,NEBLIG,BRUMEUX,NEBBIA,MGŁA,有雾,霧,안개,,,
mcm_weather_advanced,ADVANCED,ТОЧНАЯ НАСТРОЙКА,AVANÇADO,AVANZADO,ERWEITERT,AVANCÉ,AVANZATE,ZAAWANSOWANE,高级,詳細設定,고급,,,
mcm_weather_release,RELEASE,ОТПУСТИТЬ,LIBERAR,LIBERAR,FREIGEBEN,LIBÉRER,RILASCIA,ZWOLNIJ,解除锁定,解除,해제,,,
mcm_weather_back,BACK,НАЗАД,VOLTAR,ATRÁS,ZURÜCK,RETOUR,INDIETRO,WSTECZ,返回,戻る,뒤로,,,
mcm_weather_mode_ew_host,EW HOST,EW ХОСТ,EW HOST,EW HOST,EW HOST,EW HÔTE,EW HOST,EW HOST,EW主机,EW ホスト,EW 호스트,,,
mcm_weather_mode_ew_client,EW CLIENT,EW КЛИЕНТ,EW CLIENT,EW CLIENT,EW CLIENT,EW CLIENT,EW CLIENT,EW CLIENT,EW客户端,EW クライアント,EW 클라이언트,,,
mcm_weather_mode_local,LOCAL,ЛОКАЛЬНО,LOCAL,LOCAL,LOKAL,LOCAL,LOCALE,LOKALNIE,本地,ローカル,로컬,,,
mcm_weather_locked,LOCKED,ЗАКРЕПЛЕНО,FIXADO,FIJADO,FIXIERT,VERROUILLÉ,BLOCCATO,ZABLOKOWANE,已锁定,固定中,고정됨,,,
mcm_creature_already_human,Already in player form,Уже в форме игрока,Já está na forma de jogador,Ya estás en forma de jugador,Bereits in Spielerform,Déjà sous forme de joueur,Già in forma giocatore,Już jesteś w formie gracza,已经是玩家形态,すでにプレイヤー形態です,이미 플레이어 형태입니다,,,
mcm_creature_player,PLAYER,ИГРОК,JOGADOR,JUGADOR,SPIELER,JOUEUR,GIOCATORE,GRACZ,玩家,プレイヤー,플레이어,,,
mcm_creature_filter_objects,OBJECTS,ОБЪЕКТЫ,OBJETOS,OBJETOS,OBJEKTE,OBJETS,OGGETTI,OBIEKTY,对象,オブジェクト,오브젝트,,,
mcm_weather_rainfall,Rain,Дождь,Chuva,Lluvia,Regen,Pluie,Pioggia,Deszcz,降雨,雨,비,,,
mcm_tab_projectiles,PROJECTILES,СНАРЯДЫ,PROJÉTEIS,PROYECTILES,PROJEKTILE,PROJECTILES,PROIETTILI,POCISKI,投射物,投射物,발사체,,,
mcm_item_controls,LMB: SPAWN   RMB: TAKE,ЛКМ: СОЗДАТЬ   ПКМ: ВЗЯТЬ,LMB: CRIAR   RMB: PEGAR,LMB: GENERAR   RMB: TOMAR,LMB: ERZEUGEN   RMB: NEHMEN,Clic G: CRÉER   Clic D: PRENDRE,LMB: GENERA   RMB: PRENDI,LPM: UTWÓRZ   PPM: WEŹ,左键：生成   右键：获取,左クリック：生成   右クリック：取得,좌클릭: 생성   우클릭: 획득,,,
mcm_entity_form_failed,Could not transform into entity,Не удалось превратиться в сущность,Não foi possível transformar na entidade,No se pudo transformar en la entidad,Verwandlung in Entität fehlgeschlagen,Transformation en entité impossible,Impossibile trasformarsi nell'entità,Nie udało się przemienić w encję,无法变成实体,エンティティに変身できませんでした,엔티티로 변신하지 못했습니다,,,
mcm_item_receive_failed,Item was not added to inventory,Предмет не был добавлен в инвентарь,O item não foi adicionado ao inventário,El objeto no se añadió al inventario,Gegenstand wurde nicht ins Inventar gelegt,L'objet n'a pas été ajouté à l'inventaire,L'oggetto non è stato aggiunto all'inventario,Przedmiot nie został dodany do ekwipunku,物品未加入背包,アイテムをインベントリに追加できませんでした,아이템이 인벤토리에 추가되지 않았습니다,,,
mcm_tab_runtime_error,This section could not be drawn,Не удалось отрисовать этот раздел,Não foi possível desenhar esta seção,No se pudo mostrar esta sección,Dieser Bereich konnte nicht gezeichnet werden,Impossible d'afficher cette section,Impossibile disegnare questa sezione,Nie udało się wyświetlić tej sekcji,无法绘制此页面,このセクションを描画できませんでした,이 섹션을 표시하지 못했습니다,,,
mcm_tab_rules,RULES,ПРАВИЛА,REGRAS,REGLAS,REGELN,RÈGLES,REGOLE,ZASADY,规则,ルール,규칙,,,
mcm_rules_title,WORLD RULES,ПРАВИЛА МИРА,REGRAS DO MUNDO,REGLAS DEL MUNDO,WELTREGELN,RÈGLES DU MONDE,REGOLE DEL MONDO,ZASADY ŚWIATA,世界规则,ワールドルール,세계 규칙,,,
mcm_rule_gold_forever,GOLD NEVER EXPIRES,ЗОЛОТО НЕ ИСЧЕЗАЕТ,OURO NÃO DESAPARECE,EL ORO NO DESAPARECE,GOLD VERSCHWINDET NICHT,OR PERMANENT,ORO PERMANENTE,ZŁOTO NIE ZNIKA,金币不消失,金塊が消えない,금이 사라지지 않음,,,
mcm_rule_gold_forever_desc,Dropped gold remains in the world,Выпавшее золото остаётся в мире,O ouro derrubado permanece,El oro caído permanece,Gefallenes Gold bleibt liegen,L’or lâché reste dans le monde,L’oro lasciato resta nel mondo,Upuszczone złoto pozostaje,掉落金币保留,落ちた金塊が残る,떨어진 금이 유지됨,,,
mcm_rule_infinite_spells,UNLIMITED SPELL USES,БЕСКОНЕЧНЫЕ ЗАРЯДЫ,USOS ILIMITADOS,USOS ILIMITADOS,UNBEGRENZTE ZAUBER,SORTS ILLIMITÉS,USI ILLIMITATI,NIELIMITOWANE UŻYCIA,无限法术次数,呪文使用回数無制限,주문 사용 횟수 무제한,,,
mcm_rule_infinite_spells_desc,Spells with limited charges stop consuming uses,Заклинания с ограниченными зарядами перестают тратить использования,Feitiços limitados não gastam usos,Los hechizos limitados no gastan usos,Begrenzte Zauber verbrauchen keine Ladungen,Les sorts limités ne consomment plus de charges,Gli incantesimi limitati non consumano cariche,Zaklęcia nie zużywają ładunków,有限次数法术不再消耗,回数制限のある呪文を消費しない,제한 주문 횟수를 소비하지 않음,,,
mcm_rule_reveal_world,REVEAL FOG OF WAR,ОТКРЫТЬ ТУМАН ВОЙНЫ,REVELAR MAPA,REVELAR MAPA,KARTE AUFDECKEN,RÉVÉLER LA CARTE,RIVELA MAPPA,ODKRYJ MAPĘ,揭开战争迷雾,マップを開く,전장의 안개 해제,,,
mcm_rule_reveal_world_desc,Open fog of war across the world,Открывает туман войны во всём мире,Revela a névoa do mundo,Revela la niebla del mundo,Deckt den Nebel der Welt auf,Révèle le brouillard du monde,Rivela la nebbia del mondo,Odkrywa mgłę świata,揭开世界迷雾,世界の未探索領域を開く,세계의 안개를 해제,,,
mcm_rules_reset,RESET,СБРОСИТЬ,REDEFINIR,RESTABLECER,ZURÜCKSETZEN,RÉINITIALISER,RIPRISTINA,RESETUJ,重置,リセット,초기화,,,
mcm_possess_no_target,No creature under cursor,Под курсором нет существа,Nenhuma criatura sob o cursor,No hay criatura bajo el cursor,Keine Kreatur unter dem Cursor,Aucune créature sous le curseur,Nessuna creatura sotto il cursore,Brak stworzenia pod kursorem,光标下没有生物,カーソル下にクリーチャーがいません,커서 아래에 생물이 없습니다,,,
mcm_possess_failed,Could not possess creature,Не удалось вселиться в существо,Não foi possível possuir a criatura,No se pudo poseer la criatura,Kreatur konnte nicht übernommen werden,Impossible de posséder la créature,Impossibile possedere la creatura,Nie udało się przejąć stworzenia,无法附身生物,クリーチャーに憑依できませんでした,생물에 빙의하지 못했습니다,,,
mcm_rule_relations,CREATURE RELATIONS,ОТНОШЕНИЯ СУЩЕСТВ,RELAÇÕES DAS CRIATURAS,RELACIONES DE CRIATURAS,KREATUREN-BEZIEHUNGEN,RELATIONS DES CRÉATURES,RELAZIONI CREATURE,RELACJE STWORZEŃ,生物关系,クリーチャー関係,생물 관계,,,
mcm_rule_relations_desc,Global herd-relation bias for creature hostility,Глобальный сдвиг отношений стад и враждебности существ,Ajuste global de relações e hostilidade,Ajuste global de relaciones y hostilidad,Globaler Einfluss auf Herdenbeziehungen,Biais global des relations de troupeau,Modifica globale delle relazioni dei branchi,Globalna zmiana relacji stad,全局调整族群敌对关系,群れの敵対関係を全体調整,무리 적대 관계를 전역 조정,,,
mcm_rule_native,NATIVE,КАК В ИГРЕ,NATIVO,NATIVO,STANDARD,NATIF,NATIVO,DOMYŚLNE,原版,標準,기본,,,
mcm_rule_hostile,HOSTILE,ВРАЖДЕБНО,HOSTIL,HOSTIL,FEINDLICH,HOSTILE,OSTILE,WROGO,敌对,敵対,적대,,,
mcm_rule_neutral,NO MODIFIER,БЕЗ МОДИФИКАТОРА,SEM MODIFICADOR,SIN MODIFICADOR,KEIN MODIFIKATOR,AUCUN MODIFICATEUR,NESSUN MODIFICATORE,BEZ MODYFIKATORA,无修正,補正なし,보정 없음,,,
mcm_rule_friendly,FRIENDLY,ДРУЖЕЛЮБНО,AMIGÁVEL,AMISTOSO,FREUNDLICH,AMICAL,AMICHEVOLE,PRZYJAŹNIE,友好,友好,우호,,,
mcm_rule_blood_money,TRICK-KILL BLOOD MONEY,КРОВАВЫЕ ДЕНЬГИ ЗА ТРЮКИ,DINHEIRO DE SANGUE POR TRUQUES,DINERO DE SANGRE POR TRUCOS,BLUTGELD FÜR TRICK-KILLS,ARGENT DE SANG DES TRICK KILLS,DENARO DI SANGUE DAI TRICK KILL,KRWAWE PIENIĄDZE ZA TRICK KILLE,花式击杀血钱,トリックキル血金,트릭 킬 피의 돈,,,
mcm_rule_blood_money_desc,Trick kills can drop healing blood money,Убийства трюками могут ронять лечащие кровавые деньги,Trick kills podem soltar dinheiro de sangue curativo,Las muertes con truco pueden soltar dinero de sangre curativo,Trick-Kills können heilendes Blutgeld droppen,Les trick kills peuvent lâcher de l’argent de sang curatif,I trick kill possono lasciare denaro di sangue curativo,Trick kille mogą upuszczać leczącą krwawą walutę,花式击杀可掉落治疗血钱,トリックキルで回復用の血金が落ちる,트릭 킬이 회복용 피의 돈을 떨어뜨릴 수 있음,,,
mcm_rule_hp_drops,HEALING DROP CHANCE,ЛЕЧАЩИЕ ДРОПЫ,CHANCE DE CURA,PROB. DE CURACIÓN,HEIL-DROP-CHANCE,CHANCE DE SOIN,PROBABILITÀ CURA,SZANSA NA LECZENIE,治疗掉落几率,回復ドロップ率,회복 드롭 확률,,,
mcm_rule_hp_drops_desc,Enemy kills may drop healing blood money,Убитые враги могут ронять лечащие кровавые деньги,Inimigos podem soltar dinheiro de sangue curativo,Los enemigos pueden soltar dinero de sangre curativo,Gegner können heilendes Blutgeld droppen,Les ennemis peuvent lâcher de l’argent de sang curatif,I nemici possono lasciare denaro di sangue curativo,Wrogowie mogą upuszczać leczącą krwawą walutę,击杀敌人可掉落治疗血钱,敵撃破で回復用の血金が落ちる,적 처치 시 회복용 피의 돈 드롭 가능,,,
mcm_rule_rats_friendly,FRIENDLY RATS,ДРУЖЕЛЮБНЫЕ КРЫСЫ,RATOS AMIGÁVEIS,RATAS AMISTOSAS,FREUNDLICHE RATTEN,RATS AMICAUX,RATTI AMICHEVOLI,PRZYJAZNE SZCZURY,友好老鼠,友好的なネズミ,우호적인 쥐,,,
mcm_rule_rats_friendly_desc,Rats and the player herd stop attacking each other,Крысы и стадо игрока перестают атаковать друг друга,Ratos e o grupo do jogador não se atacam,Las ratas y el grupo del jugador no se atacan,Ratten und Spielerherde greifen sich nicht an,Les rats et le groupe du joueur ne s’attaquent plus,Ratti e branco del giocatore non si attaccano,Szczury i stado gracza nie atakują się,老鼠与玩家阵营互不攻击,ネズミとプレイヤー陣営が互いに攻撃しない,쥐와 플레이어 무리가 서로 공격하지 않음,,,
mcm_rule_gore,GORE AMOUNT,КОЛИЧЕСТВО КРОВИ,QUANTIDADE DE SANGUE,CANTIDAD DE SANGRE,BLUTMENGE,QUANTITÉ DE SANG,QUANTITÀ DI SANGUE,ILOŚĆ KRWI,血腥程度,流血量,유혈량,,,
mcm_rule_gore_desc,Multiplier for gore and blood effects,Множитель крови и кровавых эффектов,Multiplicador de sangue e efeitos gore,Multiplicador de sangre y gore,Multiplikator für Blut- und Gore-Effekte,Multiplicateur de sang et de gore,Moltiplicatore di sangue e gore,Mnożnik krwi i efektów gore,血液与血腥效果倍率,流血・ゴア表現の倍率,피와 유혈 효과 배율,,,
mcm_rule_trick_gold,TRICK-KILL GOLD,ЗОЛОТО ЗА ТРЮКИ,OURO POR TRUQUES,ORO POR TRUCOS,TRICK-KILL-GOLD,OR DES TRICK KILLS,ORO DA TRICK KILL,ZŁOTO ZA TRICK KILLE,花式击杀金币,トリックキル金額,트릭 킬 골드,,,
mcm_rule_trick_gold_desc,Gold multiplier for trick kills,Множитель золота за убийства трюками,Multiplicador de ouro por trick kill,Multiplicador de oro por muertes con truco,Goldmultiplikator für Trick-Kills,Multiplicateur d’or des trick kills,Moltiplicatore oro dei trick kill,Mnożnik złota za trick kille,花式击杀金币倍率,トリックキルのゴールド倍率,트릭 킬 골드 배율,,,
mcm_rule_damage_flash,DAMAGE FLASH,ВСПЫШКА УРОНА,FLASH DE DANO,DESTELLO DE DAÑO,SCHADENSBLITZ,FLASH DE DÉGÂTS,LAMPO DANNO,BŁYSK OBRAŻEŃ,受伤闪光,ダメージフラッシュ,피해 플래시,,,
mcm_rule_damage_flash_desc,Intensity of the screen damage flash,Интенсивность вспышки экрана при получении урона,Intensidade do flash de dano na tela,Intensidad del destello de daño,Intensität des Schadensblitzes,Intensité du flash de dégâts,Intensità del lampo da danno,Intensywność błysku obrażeń,受伤时屏幕闪光强度,被ダメージ時の画面フラッシュ強度,피해 시 화면 플래시 강도,,,
mcm_rule_value,VALUE,ЗНАЧЕНИЕ,VALOR,VALOR,WERT,VALEUR,VALORE,WARTOŚĆ,数值,値,값,,,
mcm_rule_click_cycle,LMB: next   RMB: previous,ЛКМ: дальше   ПКМ: назад,LMB: próximo   RMB: anterior,LMB: siguiente   RMB: anterior,LMB: weiter   RMB: zurück,Clic G : suivant   Clic D : précédent,LMB: avanti   RMB: indietro,LPM: dalej   PPM: wstecz,左键：下一个   右键：上一个,左クリック：次   右クリック：前,좌클릭: 다음   우클릭: 이전,,,
mcm_rule_on,ON,ВКЛ,LIGADO,ACTIVADO,AN,ACTIVÉ,ON,WŁ.,开启,ON,켜짐,,,
mcm_rule_off,OFF,ВЫКЛ,DESLIGADO,DESACTIVADO,AUS,DÉSACTIVÉ,OFF,WYŁ.,关闭,OFF,꺼짐,,,
mcm_rule_unsupported,UNSUPPORTED IN THIS BUILD,НЕ ПОДДЕРЖИВАЕТСЯ В ЭТОЙ СБОРКЕ,NÃO SUPORTADO NESTA VERSÃO,NO COMPATIBLE EN ESTA VERSIÓN,IN DIESER VERSION NICHT VERFÜGBAR,NON PRIS EN CHARGE DANS CETTE VERSION,NON SUPPORTATO IN QUESTA VERSIONE,NIEOBSŁUGIWANE W TEJ WERSJI,此版本不支持,このビルドでは未対応,이 빌드에서 지원 안 됨,,,
mcm_rule_stain_drop,STAIN SHEDDING,СБРАСЫВАНИЕ ПЯТЕН,PERDA DE MANCHAS,PÉRDIDA DE MANCHAS,FLECKENABWURF,PERTE DES TACHES,PERDITA MACCHIE,ZRZUCANIE PLAM,污渍脱落,汚れの脱落,얼룩 제거,,,
mcm_rule_stain_drop_desc,Multiplier for how quickly stains are shaken off,Множитель скорости сбрасывания пятен с сущностей,Multiplica a velocidade de remoção de manchas,Multiplica la velocidad de pérdida de manchas,Multiplikator für das Abschütteln von Flecken,Multiplicateur de perte des taches,Moltiplica la velocità di perdita delle macchie,Mnożnik szybkości zrzucania plam,实体甩落污渍的速度倍率,汚れが落ちる速さの倍率,얼룩이 떨어지는 속도 배율,,,
mcm_rule_physics_gravity,WORLD GRAVITY,ГРАВИТАЦИЯ МИРА,GRAVIDADE DO MUNDO,GRAVEDAD DEL MUNDO,WELTGRAVITATION,GRAVITÉ DU MONDE,GRAVITÀ DEL MONDO,GRAWITACJA ŚWIATA,世界重力,ワールド重力,세계 중력,,,
mcm_rule_physics_gravity_desc,Gravity multiplier for loaded creatures and physics bodies,Множитель гравитации загруженных существ и физических тел,Multiplicador de gravidade de criaturas e corpos físicos,Multiplicador de gravedad de criaturas y cuerpos físicos,Gravitationsfaktor für geladene Kreaturen und Physikobjekte,Multiplicateur de gravité des créatures et corps chargés,Moltiplicatore gravità per creature e corpi caricati,Mnożnik grawitacji stworzeń i obiektów fizycznych,已加载生物和物理物体的重力倍率,読み込み済み生物・物理物体の重力倍率,로드된 생물과 물리 물체의 중력 배율,,,
mcm_rule_physics_damping,PHYSICS DAMPING,ФИЗИЧЕСКОЕ ЗАТУХАНИЕ,AMORTECIMENTO FÍSICO,AMORTIGUACIÓN FÍSICA,PHYSIK-DÄMPFUNG,AMORTISSEMENT PHYSIQUE,SMORZAMENTO FISICO,TŁUMIENIE FIZYKI,物理阻尼,物理減衰,물리 감쇠,,,
mcm_rule_physics_damping_desc,Linear and angular damping multiplier for loaded physics bodies,Множитель линейного и углового затухания физических тел,Multiplica amortecimento linear e angular,Multiplica amortiguación lineal y angular,Faktor für lineare und Winkel-Dämpfung,Multiplicateur d’amortissement linéaire et angulaire,Moltiplica smorzamento lineare e angolare,Mnożnik tłumienia liniowego i kątowego,物理物体线性与角阻尼倍率,物理物体の線形・角減衰倍率,물리 물체 선형/각 감쇠 배율,,,
mcm_rule_blood_amount,BLOOD VOLUME,ОБЪЁМ КРОВИ,VOLUME DE SANGUE,VOLUMEN DE SANGRE,BLUTVOLUMEN,VOLUME DE SANG,VOLUME DEL SANGUE,ILOŚĆ KRWI,血液量,血液量,피의 양,,,
mcm_rule_blood_amount_desc,Changes blood emitted by damage without changing ragdoll or corpse physics.,Меняет количество крови от полученного урона без изменения физики рэгдоллов и трупов.,Altera limites reais de sangue e sangue de ragdolls,Cambia límites reales de sangre y sangre de ragdolls,Ändert echte Blutlimits und Ragdoll-Blutmenge,Change les limites réelles de sang et le sang des ragdolls,Cambia i limiti reali del sangue e quello dei ragdoll,Zmienia limity krwi i ilość krwi ragdolli,修改实际出血上限和布娃娃血量,実際の出血上限とラグドールの血量を変更,실제 출혈 한도와 래그돌 피 양 변경,,,
mcm_rule_kick_force,KICK FORCE,СИЛА ПИНКА,FORÇA DO CHUTE,FUERZA DE PATADA,TRITTKRAFT,FORCE DU COUP DE PIED,FORZA DEL CALCIO,SIŁA KOPNIĘCIA,踢击力量,キック力,발차기 힘,,,
mcm_rule_kick_force_desc,Global player kick-force multiplier,Глобальный множитель силы пинка игрока,Multiplicador global da força do chute,Multiplicador global de fuerza de patada,Globaler Multiplikator der Trittkraft,Multiplicateur global de la force du coup de pied,Moltiplicatore globale della forza del calcio,Globalny mnożnik siły kopnięcia,玩家踢击力量全局倍率,プレイヤーのキック力倍率,플레이어 발차기 힘 배율,,,
mcm_rule_joint_strength,JOINT STRENGTH,ПРОЧНОСТЬ СОЕДИНЕНИЙ,FORÇA DAS JUNTAS,RESISTENCIA DE UNIONES,GELENKSTÄRKE,SOLIDITÉ DES JOINTS,FORZA DEI GIUNTI,SIŁA POŁĄCZEŃ,关节强度,ジョイント強度,관절 강도,,,
mcm_rule_joint_strength_desc,Physics joint maximum-force multiplier,Множитель максимальной силы физических соединений,Multiplicador da força máxima das juntas,Multiplicador de fuerza máxima de uniones físicas,Multiplikator der maximalen Gelenkkraft,Multiplicateur de force maximale des joints physiques,Moltiplicatore della forza massima dei giunti,Mnożnik maksymalnej siły połączeń fizycznych,物理关节最大受力倍率,物理ジョイントの最大力倍率,물리 관절 최대 힘 배율,,,
mcm_rule_day_speed,DAY CYCLE SPEED,СКОРОСТЬ СУТОК,VELOCIDADE DO DIA,VELOCIDAD DEL DÍA,TAGESZYKLUS,VITESSE DU CYCLE JOUR,VELOCITÀ DEL GIORNO,SZYBKOŚĆ DOBY,昼夜循环速度,昼夜サイクル速度,낮밤 주기 속도,,,
mcm_rule_day_speed_desc,Multiplier for the natural day-night cycle speed,Множитель естественной скорости смены дня и ночи,Multiplica a velocidade natural do ciclo dia/noite,Multiplica la velocidad natural del ciclo día/noche,Faktor für die natürliche Tag-Nacht-Geschwindigkeit,Multiplicateur de vitesse naturelle jour/nuit,Moltiplica la velocità naturale giorno/notte,Mnożnik naturalnej prędkości dnia i nocy,自然昼夜循环速度倍率,自然な昼夜サイクル速度倍率,자연 낮밤 주기 속도 배율,,,
mcm_setting_possession_key,POSSESSION KEY,КЛАВИША ВСЕЛЕНИЯ,POSSESSION KEY,POSSESSION KEY,POSSESSION KEY,POSSESSION KEY,POSSESSION KEY,POSSESSION KEY,POSSESSION KEY,POSSESSION KEY,POSSESSION KEY,,,
mcm_setting_possession_key_desc,"Click the setting, then press a keyboard key or mouse button. TAB is reserved for menu/return.","Нажмите на настройку, затем нажмите клавишу или кнопку мыши. TAB зарезервирован для меню/возврата.","Click the setting, then press a keyboard key or mouse button. TAB is reserved for menu/return.","Click the setting, then press a keyboard key or mouse button. TAB is reserved for menu/return.","Click the setting, then press a keyboard key or mouse button. TAB is reserved for menu/return.","Click the setting, then press a keyboard key or mouse button. TAB is reserved for menu/return.","Click the setting, then press a keyboard key or mouse button. TAB is reserved for menu/return.","Click the setting, then press a keyboard key or mouse button. TAB is reserved for menu/return.","Click the setting, then press a keyboard key or mouse button. TAB is reserved for menu/return.","Click the setting, then press a keyboard key or mouse button. TAB is reserved for menu/return.","Click the setting, then press a keyboard key or mouse button. TAB is reserved for menu/return.",,,
mcm_setting_key_waiting,PRESS A KEY OR MOUSE BUTTON...,НАЖМИТЕ КЛАВИШУ ИЛИ КНОПКУ МЫШИ...,PRESS A KEY OR MOUSE BUTTON...,PRESS A KEY OR MOUSE BUTTON...,PRESS A KEY OR MOUSE BUTTON...,PRESS A KEY OR MOUSE BUTTON...,PRESS A KEY OR MOUSE BUTTON...,PRESS A KEY OR MOUSE BUTTON...,PRESS A KEY OR MOUSE BUTTON...,PRESS A KEY OR MOUSE BUTTON...,PRESS A KEY OR MOUSE BUTTON...,,,
mcm_mobs_mode_play,PLAY,ИГРА,JOGAR,JUGAR,SPIELEN,JOUER,GIOCA,GRAJ,游玩,プレイ,플레이,,,
mcm_mobs_mode_log_remove,LOG REMOVE,ЛОГ: УБРАТЬ,LOG REMOVER,REG. QUITAR,LOG ENTF.,LOG RETRAIT,LOG RIMUOVI,LOG USUŃ,记录移除,削除ログ,제거 기록,,,
mcm_mobs_mode_log_retest,LOG RETEST,ЛОГ: ПОВТОР,LOG RETESTE,REG. REPRUEBA,LOG RETEST,LOG RETEST,LOG RITEST,LOG TESTUJ,记录复测,再テストログ,재검사 기록,,,
mcm_mobs_review_help,REVIEW: click a mob to log its exact path; no transform/spawn occurs,"ПРОВЕРКА: нажмите моба, чтобы записать точный путь в лог; спавн и превращение не выполняются",REVISÃO: clique num mob para registrar o caminho exato; sem spawn/transformação,REVISIÓN: pulsa un mob para registrar su ruta exacta; no se genera ni transforma,"PRÜFUNG: Mob anklicken, um den exakten Pfad zu protokollieren; kein Spawn/Verwandeln",REVUE : cliquez sur un mob pour journaliser son chemin exact ; aucun spawn/transformation,REVISIONE: clicca un mob per registrare il percorso esatto; nessuno spawn/trasformazione,"PRZEGLĄD: kliknij moba, aby zapisać dokładną ścieżkę; bez spawnu/przemiany",审查：点击生物以记录精确路径；不会生成或变形,確認: モブをクリックして正確なパスをログ記録。スポーン/変身はしません,검토: 몹을 클릭해 정확한 경로를 기록합니다. 소환/변신은 하지 않습니다,,,
mcm_mobs_review_click,CLICK: log,КЛИК: записать,CLIQUE: registrar,CLIC: registrar,KLICK: loggen,CLIC : journaliser,CLIC: registra,KLIK: zapisz,点击：记录,クリック: 記録,클릭: 기록,,,
mcm_mobs_marked,MARKED,ОТМЕЧЕНО,MARCADO,MARCADO,MARKIERT,MARQUÉ,SEGNATO,OZNACZONO,已标记,マーク済み,표시됨,,,
mcm_mobs_showing,SHOWING,ПОКАЗАНО,MOSTRANDO,MOSTRANDO,ANZEIGE,AFFICHÉS,VISUALIZZATI,POKAZANO,显示,表示,표시,,,
mcm_mobs_review_logged,MOBS REVIEW,ПРОВЕРКА МОБОВ,REVISÃO MOBS,REVISIÓN MOBS,MOBS-PRÜFUNG,REVUE MOBS,REVISIONE MOBS,PRZEGLĄD MOBÓW,生物审查,モブ確認,몹 검토,,,
mcm_mobs_mode_log_safe,LOG SAFE,ЛОГ: РАБОТАЕТ,LOG SEGURO,REG. SEGURO,LOG SICHER,LOG SÛR,LOG SICURO,LOG DZIAŁA,记录安全,安全ログ,안전 기록,,,
mcm_mobs_mode_log_unsafe,LOG UNSAFE,ЛОГ: НЕ РАБОТАЕТ,LOG INSEGURO,REG. INSEGURO,LOG UNSICHER,LOG RISQUÉ,LOG NON SICURO,LOG NIE DZIAŁA,记录不安全,危険ログ,위험 기록,,,
mcm_mobs_scanning,SCANNING...,ПРОВЕРКА...,A VERIFICAR...,ESCANEANDO...,PRÜFUNG...,ANALYSE...,ANALISI...,SKANOWANIE...,扫描中...,スキャン中...,스캔 중...,,,
